INSERT INTO CFM_TIRI.TRAILER_TYPE ( ID_TRAILER_TYPE,NAME,VERSION ) VALUES ( 1,'podkontenerowa',1 );
INSERT INTO CFM_TIRI.TRAILER_TYPE ( ID_TRAILER_TYPE,NAME,VERSION ) VALUES ( 2,'chłodnia',1 );
INSERT INTO CFM_TIRI.TRAILER_TYPE ( ID_TRAILER_TYPE,NAME,VERSION ) VALUES ( 3,'firanka',1 );
INSERT INTO CFM_TIRI.TRAILER_TYPE ( ID_TRAILER_TYPE,NAME,VERSION ) VALUES ( 4,'izoterma',1 );
INSERT INTO CFM_TIRI.TRAILER_TYPE ( ID_TRAILER_TYPE,NAME,VERSION ) VALUES ( 5,'plandeka',1 );
INSERT INTO CFM_TIRI.TRAILER_TYPE ( ID_TRAILER_TYPE,NAME,VERSION ) VALUES ( 6,'walking-floor',1 );

INSERT INTO CFM_TIRI.TRUCK (ID_TRUCK, ACTIVE, EURO_STANDARD, CREATION_DATE, HORSE_POWER, MODEL, PRODUCER, PRODUCTION_YEAR, REGISTRATION_NUMBER, VERSION) VALUES (1, 1, 'EURO5', sysdate, 440, 'Magnum', 'Renault', 2014, 'WSC45AE', 1);
INSERT INTO CFM_TIRI.TRUCK (ID_TRUCK, ACTIVE, EURO_STANDARD, CREATION_DATE, HORSE_POWER, MODEL, PRODUCER, PRODUCTION_YEAR, REGISTRATION_NUMBER, VERSION) VALUES (2, 1, 'EURO5', sysdate, 420, 'C5', 'Volvo', 2014, 'WE23433', 1);
INSERT INTO CFM_TIRI.TRUCK (ID_TRUCK, ACTIVE, EURO_STANDARD, CREATION_DATE, HORSE_POWER, MODEL, PRODUCER, PRODUCTION_YEAR, REGISTRATION_NUMBER, VERSION) VALUES (3, 0, 'EURO3', sysdate, 420, 'ASD', 'Scania', 2009, 'WP25145', 1);
INSERT INTO CFM_TIRI.TRUCK (ID_TRUCK, ACTIVE, EURO_STANDARD, CREATION_DATE, HORSE_POWER, MODEL, PRODUCER, PRODUCTION_YEAR, REGISTRATION_NUMBER, VERSION) VALUES (4, 1, 'EURO4', sysdate, 440, 'Magnum', 'Renault', 2016, 'WSC87SD', 1);
INSERT INTO CFM_TIRI.TRUCK (ID_TRUCK, ACTIVE, EURO_STANDARD, CREATION_DATE, HORSE_POWER, MODEL, PRODUCER, PRODUCTION_YEAR, REGISTRATION_NUMBER, VERSION) VALUES (5, 1, 'EURO4', sysdate, 450, 'Premium', 'Renault', 2015, 'WSC23SD', 1);

INSERT INTO CFM_TIRI.ROLE (ID_ROLE, NAME, VERSION) VALUES (1, 'user', 1);
INSERT INTO CFM_TIRI.ROLE (ID_ROLE, NAME, VERSION) VALUES (2, 'admin', 1);
INSERT INTO CFM_TIRI.ROLE (ID_ROLE, NAME, VERSION) VALUES (3, 'driver', 1);

INSERT INTO CFM_TIRI.TRAILER (ID_TRAILER, ACTIVE, MODEL, PRODUCER, PRODUCTION_YEAR, CREATION_DATE, REGISTRATION_NUMBER, VERSION, ID_TRAILER_TYPE) VALUES (1, 1, '234', 'Wielton', 2009, sysdate, 'WE223RE', 1, 1);
INSERT INTO CFM_TIRI.TRAILER (ID_TRAILER, ACTIVE, MODEL, PRODUCER, PRODUCTION_YEAR, CREATION_DATE, REGISTRATION_NUMBER, VERSION, ID_TRAILER_TYPE) VALUES (2, 1, 'R-40', 'Schmidt', 2015, sysdate, 'WSC23DS', 1, 2);
INSERT INTO CFM_TIRI.TRAILER (ID_TRAILER, ACTIVE, MODEL, PRODUCER, PRODUCTION_YEAR, CREATION_DATE, REGISTRATION_NUMBER, VERSION, ID_TRAILER_TYPE) VALUES (3, 1, '234', 'Wielton', 2016, sysdate, 'WOT2341', 1, 3);
INSERT INTO CFM_TIRI.TRAILER (ID_TRAILER, ACTIVE, MODEL, PRODUCER, PRODUCTION_YEAR, CREATION_DATE, REGISTRATION_NUMBER, VERSION, ID_TRAILER_TYPE) VALUES (4, 0, '234', 'Wielton', 2016, sysdate, 'WE234ER', 1, 3);

INSERT INTO CFM_TIRI.TIRI_USER (ID_USER, ACTIVE, EMAIL, FIRST_NAME, LAST_NAME, LOGIN, CREATION_DATE, MOBILE_PHONE, PASSWORD, VERSION, ID_ROLE) VALUES (1, 1, 'sierocinskipiotr@mail.com', 'Piotr', 'Sierociński', 'psierocinski', sysdate, '604908678', 'password', 1, 2);
INSERT INTO CFM_TIRI.TIRI_USER (ID_USER, ACTIVE, EMAIL, FIRST_NAME, LAST_NAME, LOGIN, CREATION_DATE, MOBILE_PHONE, PASSWORD, VERSION, ID_ROLE) VALUES (2, 0, 'akowalski@mail.com', 'Adam', 'Kowalski', 'akowalski', sysdate, '132123123', 'password', 1, 1);
INSERT INTO CFM_TIRI.TIRI_USER (ID_USER, ACTIVE, EMAIL, FIRST_NAME, LAST_NAME, LOGIN, CREATION_DATE, MOBILE_PHONE, PASSWORD, VERSION, ID_ROLE) VALUES (3, 1, 'jannowak@mail.com', 'Jan', 'Nowak', 'jnowak', sysdate, '132123123', 'password', 1, 3);
INSERT INTO CFM_TIRI.TIRI_USER (ID_USER, ACTIVE, EMAIL, FIRST_NAME, LAST_NAME, LOGIN, CREATION_DATE, MOBILE_PHONE, PASSWORD, VERSION, ID_ROLE) VALUES (4, 1, 'jaroslawnowicki@mail.com', 'Jarosław', 'Nowicki', 'jnowicki', sysdate, '132123123', 'password', 1, 3);

INSERT INTO CFM_TIRI.SQUAD (ID_SQUAD, ACTIVE, CREATION_DATE, VERSION, ID_TRUCK, ID_TRAILER, ID_USER) VALUES (1, 1, sysdate, 1, 2, 1, 3);
INSERT INTO CFM_TIRI.SQUAD (ID_SQUAD, ACTIVE, CREATION_DATE, VERSION, ID_TRUCK, ID_TRAILER, ID_USER) VALUES (2, 0, sysdate, 1, 2, 2, 3);
INSERT INTO CFM_TIRI.SQUAD (ID_SQUAD, ACTIVE, CREATION_DATE, VERSION, ID_TRUCK, ID_TRAILER, ID_USER) VALUES (3, 1, sysdate, 1, 1, 2, 4);
INSERT INTO CFM_TIRI.SQUAD (ID_SQUAD, ACTIVE, CREATION_DATE, VERSION, ID_TRUCK, ID_TRAILER, ID_USER) VALUES (4, 0, sysdate, 1, 5, 3, 3);